code,system
1570611,ICD10CM
1570611,ICD10CM
44831262,ICD10CM
44831262,ICD10CM
4048178,ICD10CM
4048178,ICD10CM
1570611,ICD10CM
1570611,ICD10CM
44831262,ICD10CM
44831262,ICD10CM
4048178,ICD10CM
4048178,ICD10CM
45591819,ICD10CM
45606213,ICD10CM
45591819,ICD10CM
45606213,ICD10CM
45591819,ICD10CM
45606213,ICD10CM
45591819,ICD10CM
45606213,ICD10CM
313223,ICD10CM
4305666,ICD10CM
4305666,ICD10CM
313223,ICD10CM
313223,ICD10CM
4305666,ICD10CM
4305666,ICD10CM
313223,ICD10CM
4006973,ICD10CM
4006973,ICD10CM
4006973,ICD10CM
4006973,ICD10CM
4008726,ICD10CM
4008726,ICD10CM
4008726,ICD10CM
4008726,ICD10CM
4045753,ICD10CM
4344493,ICD10CM
4045753,ICD10CM
4344493,ICD10CM
4045753,ICD10CM
4344493,ICD10CM
4045753,ICD10CM
4344493,ICD10CM
4048502,ICD10CM
4048502,ICD10CM
4048502,ICD10CM
4048502,ICD10CM
40490844,ICD10CM
40490844,ICD10CM
40490844,ICD10CM
40490844,ICD10CM
4122119,ICD10CM
4122119,ICD10CM
4122119,ICD10CM
4122119,ICD10CM
4124507,ICD10CM
4126911,ICD10CM
4126911,ICD10CM
4124507,ICD10CM
4124507,ICD10CM
4126911,ICD10CM
4126911,ICD10CM
4124507,ICD10CM
4143003,ICD10CM
4143003,ICD10CM
4143003,ICD10CM
4143003,ICD10CM
4184973,ICD10CM
4184973,ICD10CM
4184973,ICD10CM
4184973,ICD10CM
4196512,ICD10CM
4196512,ICD10CM
4196512,ICD10CM
4196512,ICD10CM
4197679,ICD10CM
4197679,ICD10CM
4197679,ICD10CM
4197679,ICD10CM
4218161,ICD10CM
4218161,ICD10CM
4218161,ICD10CM
4218161,ICD10CM
4343344,ICD10CM
4344254,ICD10CM
4343344,ICD10CM
4344254,ICD10CM
4343344,ICD10CM
4344254,ICD10CM
4343344,ICD10CM
4344254,ICD10CM
4344492,ICD10CM
4344492,ICD10CM
4344492,ICD10CM
4344492,ICD10CM
46273631,ICD10CM
46273631,ICD10CM
46273631,ICD10CM
46273631,ICD10CM